{
  "kind": "collectionType",
  "collectionName": "categories",
  "info": {
    "singularName": "category",
    "pluralName": "categories",
    "displayName": "category"
  },
  "options": {
    "draftAndPublish": true
  },
  "pluginOptions": {},
  "attributes": {
    "categoryname": {
      "type": "string"
    },
    "properties": {
      "type": "relation",
      "relation": "manyToMany",
      "target": "api::property.property",
      "inversedBy": "categories"
    }
  }
}
